sam00_your_takeaway.jpg	84def3cf1d6ca5bca849740587f33c17
sto01_crown_of_india.jpg	6d998196d657429b4395f3b194c27f69
sto02_arcadia_tea_shop.jpg	9762e4fb0bc460c0eb638637cbd8b04e
sto03_bear_coffee_company_ltd.jpg	a5d6d5e8b72d75e616d4634e30321577
sto07_little_seeds_bar_kitchen.jpg	7b0ccd50e033a826d7ca847f458d91e5
sto08_the_ovilash_restaurant.jpg	451df8b96b1f3b35d6789a68c524bbb6
sto10_stonefield_fish_bar.jpg	81eee5b982cc886ef34fc27d49c4c0d9
sto11_proven_pizzeria.jpg	47eecb4d832975800c51189849882e8c
sto12_the_secret_tea_room.jpg	5b27cbd4ab518b024d7d1e44efaeda84
sto13_pasta_di_piazza.jpg	a1901004bbd0aa5c313116ef5252c46c
sto16_heaven_restaurant_bar_grill.jpg	7683ff82c91982ba89bed3818542f56c
sto17_stone_kebab_house.jpg	b4903d2316210426071cb016f6794384
sto18_valleys_fast_food.jpg	4a9360557adb2db7b4ea68ba5e517bc2
sto21_cavalli.jpg	082922b71a19db1e8e9d13907ce20735
sto22_piccolo_s_pizza_kebab_land.jpg	ecf9b452ccee4096e45cce33fb556dfe
sto23_walton_fish_bar.jpg	8efd73ea9dcece011f60fdf582ac29f3
sto25_the_roll_in_stone.jpg	0e5623e2c17b5c3b7b5ee4981cb074fe
new01_pizzarama.jpg	ec12cadfa60f8d2fa31a88f865f6791e
new02_fresco_cafe_eatery.jpg	21e10e4367938cfb6db09ad6b8d6f110
new03_pizza_bar.jpg	7b441264475f0062be2d5fc552336ff8
new04_mado_cafe.jpg	5f184fde346d0c5d5deaedac03a63a60
new06_the_midway_cafe.jpg	9c25c2283ba39c6cf9bcb38104d7880c
new10_shaws.jpg	a2314899e4cf8a71f2aa00e235877cf0
new11_the_foyer.jpg	3d1d2f214a34cc2016b1a225980007c0
new12_nel.jpg	9c9b77e514c952db834a8d49d4d0db23
new13_cuisine_cart.jpg	c5c02ad5a063485ff2158639b7aa4aeb
new14_cheesious_pizza_peri_peri_house.jpg	092c212fb1cc048461e31b0b8c1b4623
new15_dancing_octopus.jpg	d2b272e5b698d99994268028900306a0
new16_mo_s_kitchen.jpg	6a29e1b57e51a7a371e5f8e243e665a2
new17_tasty_wok.jpg	10fc90f6965385ab60ce7c301b1f9ef8
new19_castle_oatcakes.jpg	27745f8a08ab782443d0f86daef59764
new22_newcastle_kebab_house.jpg	7a531ffd07c89313c574fd64913f03b9
new25_the_one.jpg	ab268ba19a1c44022770a6f5d0393475
new28_favourite_chinese_takeaway.jpg	5e9618f95cc481e7c55d6c3dc8605c85
new30_golden_wok.jpg	f1d2e70eb38cfb4b52dddc6277df3c26
new31_chilli_jacks.jpg	7152a03a92482eb2ee01d47f7b7d3cab
tam02_brew.jpg	c0ac61133673ef9f41ff1c38874ef8b6
tam04_phat_bites.jpg	5d7ee400679b2cdf388ad36345527b15
tam06_china_aroma.jpg	1a059fa59a5e7dd453524a1901d28c67
tam07_tamworth_spice_kiko_sushi.jpg	10dee9ca1caafb7a1e03e6527fba4cb3
tam09_jeffrey_s_fine_sandwiches.jpg	206189bb7de56f2909d8fcaae49d7d44
tam13_swallow_cantonese_take_away.jpg	bc51d2cb00f05419d06a62381e735771
tam14_papudom_4u.jpg	7d4ff62b5ed48b9493f1f00a78a3befa
tam15_pizza_boss.jpg	f5087e0c2518bb676dc6899ae1c17370
tam16_steves_fish_bar.jpg	f1e860abec64a1d5b9fe51793d3b1b06
tam17_rayu_pan_asian.jpg	bfc3bfd15a8123ecca93c56ce5271d55
tam18_shake_take_tamworth.jpg	6325cad9e66158bb10b407436fd5489a
tam19_mr_chips.jpg	d2acc2d06bcf8c39c8dba2d4184e75b1
tam22_between_the_buns.jpg	e8446be8bc52d775514eca29d7342b59
tam23_eat_well.jpg	aa1edea177848652c69630894e4a481c
tam24_the_tamworth_tandoor.jpg	6e391b9320d4ea20b891a4ebd6267280
tam26_2_gates_grill.jpg	f77727106fc6c9338427c6bc52c2accb
tam99_fu_house_chinese_takeaway.jpg	ebec30c3fe9897d5b2d346bc30d6fcc7
sam00_your_takeaway.mp4	751f828fce145d3afac3e05c7058ab12
sto01_crown_of_india.mp4	c25a48f8a49526287c02fd47058b438d
sto02_arcadia_tea_shop.mp4	ecacc4ecf75e436d7cf95724ff9e90dc
sto03_bear_coffee_company_ltd.mp4	15002e30530515b4421da7ce02258ec9
sto07_little_seeds_bar_kitchen.mp4	3faffc1afe2dedc91b59d66df6702920
sto08_the_ovilash_restaurant.mp4	036b19d6cd8425c7289cb19be112f2fc
sto10_stonefield_fish_bar.mp4	a0cb80ee70f6ad9587f46c47723bf591
sto11_proven_pizzeria.mp4	6d3d0965644b6120b7f87dee09c112ca
sto12_the_secret_tea_room.mp4	ea7bdef9dfe591285458a11da1985638
sto13_pasta_di_piazza.mp4	141f745d4a049a57ba149123331b4ae8
sto16_heaven_restaurant_bar_grill.mp4	45e6a1ca6f0814686a11cf29e1fd9345
sto17_stone_kebab_house.mp4	70f7a835064d76c0165b750834a43cdb
sto18_valleys_fast_food.mp4	a1bd02de868a3b0e4a5f496938cd60c8
sto21_cavalli.mp4	176b358641f9344be77fbb51795fbb55
sto22_piccolo_s_pizza_kebab_land.mp4	1233e49faa0b67547a33059a0c2b0678
sto23_walton_fish_bar.mp4	53c408d591daa495039269f1992d554b
sto25_the_roll_in_stone.mp4	2ac40238891617ae3f0c2cdebe3172cb
new01_pizzarama.mp4	805d6c166546d3aacba4c43f709a04fe
new02_fresco_cafe_eatery.mp4	a9df77dcb58de41b4e4d9ce6872ad8ff
new03_pizza_bar.mp4	52fc1138f37cc920fbc570acc0e39bff
new04_mado_cafe.mp4	07d0adffa992d9695c19a12ed59afc9f
new06_the_midway_cafe.mp4	2ced71548944b043ef7c74d412e96600
new10_shaws.mp4	a5cff47aa92e07ec5abca3969a972c61
new11_the_foyer.mp4	bdfb5a255a7ed1447a70f26eec606541
new12_nel.mp4	61fad58899a586aa896d37c309b3ac86
new13_cuisine_cart.mp4	97978f92b15a1f3d001942c5d1424b85
new14_cheesious_pizza_peri_peri_house.mp4	6a4c70e30826a93cc337bdd8d533c329
new15_dancing_octopus.mp4	fb0104749dda0fad86b628a6c85dd08c
new16_mo_s_kitchen.mp4	a458d0f43223fec07fc66a5f036314eb
new17_tasty_wok.mp4	29fcc54439d9db7431433bf2be7f5fa0
new19_castle_oatcakes.mp4	185a20baf799bae62d3f4dbb3ede5e0c
new22_newcastle_kebab_house.mp4	f10347f74f16652258097a2336a919da
new25_the_one.mp4	fb445d9a8da46be642568061cf92bebf
new28_favourite_chinese_takeaway.mp4	2c5b2b0c7589ae1f7a26f901a6ec851e
new30_golden_wok.mp4	08e1bf6e8ccc292a0b533eab87a42886
new31_chilli_jacks.mp4	1ae68bf53e7220d977aa48fe07820428
tam02_brew.mp4	af29930068a2e2551b0389ada7acbfd7
tam04_phat_bites.mp4	2a2a1fc2b5dd0fe2f4fb8a7b0fd0ac07
tam06_china_aroma.mp4	d6eb40f90576e644a34fe5a91abc376c
tam07_tamworth_spice_kiko_sushi.mp4	b53797b2c9fbad820ff9c8f79bb2bf40
tam09_jeffrey_s_fine_sandwiches.mp4	b6cf6b706a90dc955ce35fc07687a04c
tam13_swallow_cantonese_take_away.mp4	19b8537384999d5e11c96a8a48df1ad2
tam14_papudom_4u.mp4	deac1f404376cbd10365f87d719f1f92
tam15_pizza_boss.mp4	423cd1ab405d74999b63e52a543173fb
tam16_steves_fish_bar.mp4	e3338aa44a108b0e0209257ff4f25b8b
tam17_rayu_pan_asian.mp4	2b38e09dae755b3263dd38eeb53f50f0
tam18_shake_take_tamworth.mp4	9d1bcea8e7c2faf8d9c67146180928cf
tam19_mr_chips.mp4	5539a52b0a9ab37a7891a2402e281d6d
tam22_between_the_buns.mp4	57325492026630db0adb78fd72ab8d1d
tam23_eat_well.mp4	baf14d457aad454f1910c9c9e317a1aa
tam24_the_tamworth_tandoor.mp4	607b1728afbe9c7582f9d663d4074742
tam26_2_gates_grill.mp4	31cc65284a6cd93dc941c46af010dc53
tam99_fu_house_chinese_takeaway.mp4	79ff3c28154fda36e4cefaa40999a530
