id,town,name,facebook,instagram,email,website,phone,confidence,note
1195796,Stone,Crown Of India,,,,https://www.crownofindia.co.uk,01785 814911,medium,No FB/IG found. facebook.com/thecrownofindia.info is a same-name restaurant in Leicester - do NOT use. Website blocked automated fetch (403).
1196000,Stone,Arcadia Tea Shop,https://www.facebook.com/p/Arcadia-Cafe-Stone-100063607893439/,,,,,medium,"FB page is named 'Arcadia Cafe Stone' and gives 'Somerfield Arcade' as location; FSA name is Arcadia Tea Shop, High Street Arcade - likely same shop, not fully confirmed. No phone found."
1195354,Stone,Bear Coffee Company Ltd,https://www.facebook.com/bemoreSTONE/,https://www.instagram.com/bemorebear/,,https://bemorebear.co,01785 819053,high,"Trades as BEAR Stone. Part of a multi-site BEAR group; Instagram and facebook.com/bemorebear are brand-wide, bemoreSTONE is the Stone page. Marketing probably handled centrally."
1195901,Stone,Little Seeds Bar & Kitchen,https://www.facebook.com/littleseedsstone/,https://www.instagram.com/littleseedsstone/,littleseedsstone@outlook.com,https://www.littleseedsstone.co.uk,01785 818925,high,Michelin-Guide-listed restaurant; site says email is the best way to reach them; closed Sun/Mon.
1195552,Stone,The Ovilash Restaurant,https://www.facebook.com/p/Ovilash-Indian-Restaurant-100068353368967/,,ovilashtandoori@gmail.com,http://www.theovilash.com,01785 813137,medium,Three Ovilash FB pages exist (also p/Ovilash-100083424572891 and p/The-ovilash-100066940133564); which is actively managed not verified. Email appears with the restaurant's own listing.
1195891,Stone,Stonefield Fish Bar,https://www.facebook.com/StonefieldFishBar/,,,,01785 815030,high,FB approx 1.2k followers. No Instagram found.
1195685,Stone,Proven Pizzeria,https://www.facebook.com/ProvenPizzeria/,https://www.instagram.com/provenpizzeriastone/,dough@provenpizzeria.co.uk,https://www.provenpizzeria.co.uk,01785 817007,high,
1195166,Stone,The Secret Tea Room,https://www.facebook.com/secrettearoomstone/,,secrettearoom@hotmail.com,,01785 747110,high,"FB approx 3.8k likes. Email seen via listing snippet, not re-verified on the FB page itself. No Instagram found."
1195940,Stone,Pasta Di Piazza,https://www.facebook.com/pastadipiazza1/,https://www.instagram.com/pastadipiazzastaffs/,contact@pastadipiazza-italiana.co.uk,https://pastadipiazza-italiana.co.uk,01785 813214,high,Small group (Stone + Newcastle-under-Lyme); Instagram covers both sites.
1889467,Stone,Heaven Restaurant Bar & Grill,https://www.facebook.com/profile.php?id=61579361854877,https://www.instagram.com/heaven_bar_grill/,akay@heavenbarandgrill.com,https://www.heavenbarandgrill.com,01785 847097,high,New family-run Turkish restaurant (opened 2025). All channels linked from own website. @heavenyyc is an unrelated Canadian business.
1195735,Stone,Stone Kebab House,,,,https://stonekebabhouse.com,01785 812499,medium,"Only FB presence found is an unofficial auto-generated page (facebook.com/104088916329558) - not owner-managed, so not recorded as a channel. Website is an ordering page only."
1195941,Stone,Valleys Fast Food,,,,https://valleysfastfood.co.uk,01785 812929,medium,Has X/Twitter @ValleysFastFood. An FB page 'Valleys fast food' (p/100077880812581) was found but not confirmed as Stone - a same-name takeaway exists in Congleton. No IG found.
1195498,Stone,Cavalli,,,,https://cavallistone.co.uk,01785 816161,medium,Trades as Cavalli Indian Cuisine. Local review said FB/IG 'coming soon'; none found. Website is ordering page only.
1196193,Stone,Piccolo's Pizza & Kebab Land,https://www.facebook.com/people/Piccolos-Pizzas/100063786660843/,,,https://piccolospizzaland.co.uk,01785 819555,medium,"FB page 'Piccolos Pizzas' is listed as Stone but street address not confirmed. Several unrelated Piccolo's pages exist (Stoke, etc)."
1196110,Stone,Walton Fish Bar,https://www.facebook.com/TheWaltonFishBar/,,,,01785 811553,high,"A second, unofficial auto-generated FB page also exists (facebook.com/124479964288843) - ignore it."
1557000,Stone,The Roll in Stone,https://www.facebook.com/p/The-Roll-in-Stone-100086428778656/,,,,07883 180072,high,Family-run cafe on industrial estate; FB approx 1k likes. Phone is a mobile from a directory listing.
85714,Newcastle-under-Lyme,PIZZARAMA,https://www.facebook.com/Pizzarama-185104241525285/,,,https://www.pizzarama-nul.co.uk,01782 711997,high,FB link taken from the shop's own website. No Instagram found.
1799173,Newcastle-under-Lyme,FRESCO CAFE & EATERY,https://www.facebook.com/fresco.cafe.eatery/,https://www.instagram.com/frescocafeandeatery/,,,07595 037945,high,"Family-run, opened late 2024. Phone is a mobile from listings."
1822945,Newcastle-under-Lyme,PIZZA BAR,,,,https://pizza-bar.co.uk,07538 679220,medium,No FB/IG found. Website is ordering page only. Phone is a mobile from a listing.
1578883,Newcastle-under-Lyme,MADO CAFE,,https://www.instagram.com/madocafeuk/,,https://madocafeonline.com,,medium,"Instagram is tiny (approx 33 followers) and mentions a Facebook group, URL not found. No phone found."
1889228,Newcastle-under-Lyme,THE MIDWAY CAFE,https://www.facebook.com/people/The-Midway-Cafe/61582987493263/,https://www.instagram.com/themidway.cafe/,,https://themidwaycafe.co.uk,01782 291599,high,All links taken from own website. Also TikTok @the.midway.cafe.
83640,Newcastle-under-Lyme,SHAWS,https://www.facebook.com/100069832689667/,,,,01782 617048,high,Trades as Shaws Fish & Chips (est. 1921). Second page 'Shaws Chippy' also exists (p/Shaws-Chippy-100066493220545); which is the active one not verified.
701262,Newcastle-under-Lyme,THE FOYER,https://www.facebook.com/thefoyerbar,https://www.instagram.com/thefoyernewcastle/,thefoyernewcastle@yahoo.co.uk,https://www.thefoyernewcastle.com,01782 461171,high,"This is a late-night bar/nightclub, not a cafe or takeaway; own site gives postcode ST5 1AD. A food promo Reel may not fit this venue."
1722944,Newcastle-under-Lyme,NEL,,,,,07756 296496,medium,Trades as 'Freshly Homemade By Nel' (Italian). No FB/IG matched; @nel_homecooked_meals is not confirmed as this business. Phone is a mobile from Tripadvisor.
1776097,Newcastle-under-Lyme,CUISINE CART,,,,https://cuisine-cart.co.uk,01782 354955,medium,Second number listed: 07721 299222. No FB/IG found. Website blocked automated fetch.
1870542,Newcastle-under-Lyme,CHEESIOUS PIZZA/PERI PERI HOUSE,,,,https://cheesiouspizza.com,01782 870267,medium,"Local 3-branch chain (Newcastle, Burslem, Meir). facebook.com/cheesioustakeaway exists but branch not confirmed, so not recorded."
1749342,Newcastle-under-Lyme,DANCING OCTOPUS,https://www.facebook.com/p/Dancing-Octopus-100057337874749/,,,,01782 614947,high,Long-established chippy. No Instagram found.
1832506,Newcastle-under-Lyme,MO'S KITCHEN,https://www.facebook.com/Moskitchenchinese/,,,https://www.moskitchen8.co.uk,01782 717761,high,"Instagram candidates (@mos_kitchen1, @motoristkitchen) not confirmed as this shop - not recorded."
1353828,Newcastle-under-Lyme,TASTY WOK,https://www.facebook.com/chinesetakeawayst5/,,tastywokst5@gmail.com,https://www.tastywokst5.com,01782 611009,high,Email and FB published on own contact page. FB approx 3.7k followers.
85327,Newcastle-under-Lyme,CASTLE OATCAKES,https://www.facebook.com/castleoatcakes/,,,,01782 662494,high,Open Thu-Sun mornings only. No Instagram found.
1828058,Newcastle-under-Lyme,NEWCASTLE KEBAB HOUSE,,https://www.instagram.com/newcastlekebabpizzahouse/,,https://newcastlekebabhouse.com,01782 613046,medium,Instagram bio links to the shop's site. No FB matched ('Family Kebab House' is a different business).
1722943,Newcastle-under-Lyme,THE ONE,https://www.facebook.com/Theonenoodlebar/,,,https://theonenoodlebar.co.uk,01782 612849,medium,"FB page is 'The One Dim Sum & Noodle Bar', Newcastle-under-Lyme, family-run; street address not confirmed in snippet."
1877918,Newcastle-under-Lyme,FAVOURITE CHINESE TAKEAWAY,https://www.facebook.com/Favourite1987/,,,https://favouritechinesenewcastle.co.uk,01782 631414,high,"Social links on its website belong to the ordering platform (AllEat), not the shop."
1004870,Newcastle-under-Lyme,GOLDEN WOK,,,,https://goldenwokonline.co.uk,01782 719668,medium,No FB/IG matched - many same-name Golden Wok pages in other towns.
1050314,Newcastle-under-Lyme,CHILLI JACKS,,,,https://www.chillijacksnewcastle.com,01782 628188,medium,"Only FB found is facebook.com/chillijacks.meir (Meir branch), not this shop. Multi-branch brand."
1908321,Tamworth,Brew,,https://www.instagram.com/brew__uk/,,,,medium,"Handle @brew__uk quoted in Daily Focus article (Sep 2026), profile not opened. Brew is MOVING to a bigger unit opposite the Town Hall later in 2026, so the address/footage may date quickly. No phone found."
1692952,Tamworth,Phat Bites,https://www.facebook.com/p/Phat-Bites-100083328071754/,https://www.instagram.com/phat_bites/,Phatbitesuk@gmail.com,https://phatbitestamworth.co.uk,01827 60880,high,"Email shown on its FB page. FB approx 310 likes, IG approx 530 followers."
1589615,Tamworth,China Aroma,https://www.facebook.com/chinaaromatamworth/,,,https://www.chinaaroma.co.uk,01827 64295,high,Address listed as 68-69 Church Street.
1589630,Tamworth,Tamworth Spice / Kiko Sushi,https://www.facebook.com/Tamworthspice/,,,https://tamworthspice.com,01827 50555,high,"Same premises also trades as Kiko Sushi (kikosushitamworth.co.uk), same phone."
1899172,Tamworth,Jeffrey’s Fine Sandwiches,https://www.facebook.com/p/Jeffreys-Fine-Sandwiches-100063565244177/,https://www.instagram.com/jeffreysfine/,,,01827 767747,high,IG approx 1.1k followers; FB 95 reviews.
1557638,Tamworth,Swallow Cantonese Take Away,https://www.facebook.com/1438536689719815,,,https://www.swallowtamworth.co.uk,01827 55557,medium,FB page has only approx 42 followers (created 2014) - looks dormant. Closed Mon/Tue.
1904493,Tamworth,Papudom 4U,https://www.facebook.com/Papadom-4-U-Tamworth-103693454923942/,,,https://www.papadom4u.uk,01827 315115,high,Business spells itself 'Papadom 4 U'. FSA shows an older record under that name at the same address - possible recent change of operator.
1785915,Tamworth,Pizza Boss,https://www.facebook.com/tuktuktam/,,,https://pizza-boss.co.uk,01827 912141,medium,"FB page is titled 'Pizza Boss Tamworth' but its URL slug is 'tuktuktam' (looks like a renamed Tuk Tuk page, possibly same owner as Rayu). @bosspizzauk on Instagram is a different business."
1620292,Tamworth,Steves Fish Bar,https://www.facebook.com/stevesfishbar1,,,https://www.stevesfishandchipstamworth.co.uk,01827 62931,high,Trades as Steve's Fish & Chips.
1901935,Tamworth,Rayu Pan Asian,https://www.facebook.com/Rayupanasian,https://www.instagram.com/rayupanasian/,,https://tuktukpanasian.co.uk,01827 68123,high,Links from own website (Rayu & Tuk Tuk Pan Asian). Also TikTok @rayupanasian.
1957914,Tamworth,Shake & Take Tamworth,,https://www.instagram.com/shakeandtaketamworth/,,,,medium,"New business; Instagram found, street address not confirmed in snippet. No FB or phone found."
1799468,Tamworth,Mr. Chips,https://www.facebook.com/MrChipsTamworth2020/,,,,01827 66919,high,A directory lists a personal-looking yahoo address; not recorded because it is not clearly published by the business.
1923797,Tamworth,Between the Buns,,,,https://www.betweenthebuns.co.uk,01827 908325,medium,Also uses btbburgers.co.uk. No FB/IG matched - many unrelated 'Between the Buns' pages worldwide. Delivery/collection only.
1688068,Tamworth,Eat Well,https://www.facebook.com/p/Eat-Well-Tamworth-Chinese-Takeway-100063456793600/,,,https://www.eatwell-tamworth.co.uk,01827 57036,high,FB approx 640 likes.
1937050,Tamworth,The Tamworth Tandoor,,,,https://tamworthtandoor.co.uk,01827 954599,medium,No FB/IG found. Website is ordering page only.
1676090,Tamworth,2 Gates Grill,,,,https://2gatesgrill.co.uk,01827 288171,medium,No FB/IG found. Also twogatesgrill.com (did not load).
1923798,Tamworth,Fu House Chinese Takeaway,,,,,01827 260666,medium,No FB/IG/website found. Cash-only shop. FSA shows an older 'Fu House' record at same address - possible change of operator.
