000_open_00	157	Denmark is building the longest tunnel of its kind in the world, eighteen kilometres under the Baltic Sea to Germany, and it is running about two years late.
001_open_01	157	It isn't bored through rock. It's made from concrete blocks that each weigh more than seventy-three thousand tonnes, and every one has to be sunk into place.
002_open_02	123	The first went down this spring. Late on the evening of the fourth of May, five tugboats pulled it out of a Danish harbour.
003_open_03	80	It landed where it was meant to. It also landed about two years behind the plan.
004_open_04	118	There are eighty-nine of these pieces. As I record this, in October twenty twenty-six, four of them are on the seabed.
005_open_05	113	The owner now says opening in twenty twenty-nine is no longer realistic, and it has not yet published a new date.
006_open_06	118	So this is the story of how you sink a tunnel, what it costs, why it's late, and my own estimate of what happens next.
007_gap_00	175	Look at a map of northern Europe and one gap stands out. Between the Danish island of Lolland and the German island of Fehmarn there are about twenty kilometres of open water.
008_gap_01	122	For decades the only way across has been a ferry. The operator, Scandlines, gives the crossing time as forty-five minutes.
009_gap_02	111	A boat leaves every half hour, around the clock, and then you add the queue to get on and the queue to get off.
010_gap_03	129	In twenty fourteen, when this picture was taken, the express train from Copenhagen to Hamburg still rolled onto the ferry itself.
011_gap_04	104	The tunnel is meant to replace all of that with a drive of about ten minutes, or seven minutes by train.
012_gap_05	163	By rail, Copenhagen to Hamburg should fall to two and a half hours. The owner quotes today's journey as five hours in one place, and as four and a half in another.
013_gap_06	135	Denmark and Germany signed the treaty in September two thousand and eight. Its terms were unusual, and they matter later in this story.
014_gap_07	132	Denmark agreed to plan, build and pay for the whole crossing. Germany only had to connect its own roads and railways to the far end.
015_method_00	122	Most people imagine a tunnel being bored through rock by a giant machine. This one is built in a completely different way.
016_method_01	131	You dig a trench across the seabed. You build the tunnel on land in sections, float each section out, and lower it into the trench.
017_method_02	108	Engineers call it an immersed tunnel, and Denmark already drives through one every day on the way to Sweden.
018_method_03	115	That tunnel is about three and a half kilometres long. The longest of this type in service anywhere is under seven.
019_method_04	116	The Fehmarnbelt tunnel will be eighteen, which is more than twice the length of any immersed tunnel built before it.
020_method_05	146	It's also deeper. The Øresund is about fifteen metres deep where that tunnel went in, while this trench sits up to forty metres below the surface.
021_method_06	83	Hold on to that difference in depth, because it comes back when we reach the delay.
022_factory_00	102	To make eighty-nine pieces of tunnel, Denmark first had to build a factory, on the coast at Rødbyhavn.
023_factory_01	146	The owner describes the site as the largest in Europe, about the size of three hundred football pitches. More than two thousand people work on it.
024_factory_02	89	Inside are three halls and six production lines. Five of them cast the standard elements.
025_factory_03	144	A standard element is two hundred and seventeen metres long. It's cast in nine segments, and the owner says each element takes about nine weeks.
026_factory_04	150	In cross-section it holds five tubes. Two carry the motorway, two carry the railway, and a narrow fifth one is for technical installations and access.
027_factory_05	94	The engineering press gives the outside as roughly forty-two metres wide and nine metres tall.
028_factory_06	147	The sixth line makes ten shorter pieces with a basement underneath for the electrical equipment. One of those goes in roughly every two kilometres.
029_factory_07	140	At peak production, the owner says, the works harbour takes in about sixty-five thousand tonnes of stone, cement, sand and steel every week.
030_factory_08	107	Every element has to last. The design life written into the project is at least a hundred and twenty years.
031_trench_00	110	While the factory went up, a fleet of dredgers started on the seabed. Marine work began in June twenty twenty.
032_trench_01	85	Up to sixty vessels worked on it, and they finished the trench in twenty twenty-four.
033_trench_02	74	They took out almost fifteen million cubic metres of sand, clay and stone.
034_trench_03	124	That material hasn't been dumped. It's being used to build about three hundred hectares of new coastline beside the factory.
035_trench_04	122	The first stretch opened to the public on the first of September this year, so Denmark is now slightly larger than it was.
036_trench_05	142	So by twenty twenty-four the trench was ready and the factory was casting. What the project didn't have was a way to put one inside the other.
037_ivy_00	142	A finished element floats, just barely. To place it you need a vessel that can grip it at both ends, carry it out, and lower it under control.
038_ivy_01	106	That vessel is called Ivy. It's really two pontoons, Ivy One and Ivy Two, built for this job and no other.
039_ivy_02	125	The method had been used in the Øresund, in about fifteen metres of water. Here it had to work at more than twice that depth.
040_ivy_03	151	The head of the owning company told reporters the pieces must be lowered to within half a centimetre, and that the work had proved harder than planned.
041_ivy_04	93	Getting Ivy tested and approved by the authorities took far longer than anyone had scheduled.
042_ivy_05	106	In January this year the owner said approval of the pontoon was nearly two years behind the original plan.
043_ivy_06	89	In the same statement it said that opening in twenty twenty-nine was no longer realistic.
044_ivy_07	70	There was a second problem, and it sits on the German side of the sea.
045_ivy_08	114	Germany's approval sets strict limits on underwater noise, and on where and when work can happen in German waters.
046_ivy_09	98	The owner says those conditions make it hard to win back lost time, and could cause further delay.
047_ivy_10	61	And then, in the first week of May, Ivy finally went to work.
048_night_00	123	Late on Monday the fourth, the first element left the works harbour, held between the two pontoons and pulled by five tugs.
049_night_01	95	It only had to travel a short distance, to a point just in front of the Danish tunnel entrance.
050_night_02	141	Around noon on Wednesday the lowering began. Ballast makes the element just heavy enough to sink, and steel wires hold it the whole way down.
051_night_03	75	About fourteen hours later it was sitting on a bed of gravel in the trench.
052_night_04	122	Hydraulic arms connected it to the entrance. Then came the clever part, which is how every joint in this tunnel is sealed.
053_night_05	145	Each element has a watertight wall at both ends. When the water trapped between two elements is pumped out, the sea itself presses them together.
054_night_06	119	Laser measurements inside the element confirmed the position, and the owner's chief executive did not hide how it felt.
055_night_07	85	The second element followed at the end of June, and the third at the start of August.
056_night_08	94	By late September the fourth was down, and nearly nine hundred metres of tunnel were in place.
057_night_09	55	That is the good news, and it's real. Now for the bill.
058_money_00	120	The budget in Danish law is fifty-five point one billion kroner, set in twenty fifteen and stated in that year's prices.
059_money_01	78	Of that, seven point three billion kroner is a reserve for things going wrong.
060_money_02	146	You'll see other numbers quoted. Germany's transport ministry says seven billion euros. The American engineering press says eight billion dollars.
061_money_03	129	They're roughly the same budget in different currencies and different years, and none of them yet includes the cost of the delay.
062_money_04	107	The owner has said plainly that the delay will affect total construction costs. It hasn't said by how much.
063_money_05	90	The European Union has put in roughly one point three billion euros. The rest is borrowed.
064_money_06	112	Those loans are repaid by the people who use the tunnel, through tolls, as Denmark did with its two big bridges.
065_money_07	134	So in the owner's telling, a delay doesn't land on the taxpayer directly. It stretches the number of years before the debt is cleared.
066_money_08	124	I'd add one caution. A tunnel that opens to cars first and trains later earns less in its early years than the plan assumed.
067_money_09	76	Which brings us to the part of this project that isn't under the sea at all.
068_germany_00	151	Remember the treaty. Germany's job was to connect its own side, and that means about eighty-eight kilometres of railway from Puttgarden down to Lübeck.
069_germany_01	83	It also means getting off the island of Fehmarn, which today depends on one bridge.
070_germany_02	168	German studies found the bridge couldn't carry the traffic the new link will bring. So in twenty twenty a second, smaller immersed tunnel was chosen to go alongside it.
071_germany_03	106	It's about two kilometres long, and the planning papers for it were only filed in July twenty twenty-five.
072_germany_04	123	That same month, Germany's transport ministry announced that its rail connection could not be ready for twenty twenty-nine.
073_germany_05	157	Press reports of a German rail authority document put the build time at six and a half years, which would mean no trains before the end of twenty thirty-two.
074_germany_06	174	The price has moved as well. The first estimate was seven hundred and fourteen million euros. The German broadcaster NDR is reported to put it at two point three billion now.
075_germany_07	145	That is why, in May, the owner announced the tunnel will open in two stages. The road comes first, and the railway follows once Germany is ready.
076_germany_08	117	Its chief executive called that unfortunate for the green transition and for rail passengers, and I think he's right.
077_now_00	105	Here is the position on the ninth of October, twenty twenty-six, using only what the owner has published.
078_now_01	101	Four elements out of eighty-nine are on the seabed. That's a little under five percent of the tunnel.
079_now_02	111	At least nineteen elements have been cast, three of them special ones, so the factory is well ahead of the sea.
080_now_03	140	Both tunnel entrances are close to done. The Danish one is complete, and the German one has more than ninety percent of its concrete poured.
081_now_04	127	The next test is the first special element, which the owner compares to a four-storey building and expects to sink this autumn.
082_now_05	86	In September, Ivy passed a load test for it, carrying an extra sixteen hundred tonnes.
083_now_06	179	A new timetable is promised once five standard elements and one special element are down. That is two more immersions from here, so at this summer's pace it is likely months away.
084_now_07	143	One news agency has reported an opening no earlier than twenty thirty-one. The owner hasn't confirmed any year, so treat that figure with care.
085_verdict_00	71	Now some arithmetic of my own, which you won't find in a press release.
086_verdict_01	130	Between early May and late September the contractor placed four elements. That works out at roughly one every five to seven weeks.
087_verdict_02	101	Eighty-five are left. At that pace, sinking them would take somewhere between eight and eleven years.
088_verdict_03	164	Nobody expects the first four to be the fastest four, and the crews will speed up. They'll have to, several times over, for any date near twenty thirty-one to hold.
089_verdict_04	130	So when the new timetable appears, the number to look for isn't the opening year. It's how many elements a month the plan assumes.
090_verdict_05	230	My verdict is that the hard engineering question has been answered. A seventy-three-thousand-tonne block can be set on the seabed to within millimetres, and it has now been done four times, though the deepest water is still ahead.
091_verdict_06	93	The open questions are about time and paperwork, and most of them are on dry land in Germany.
092_verdict_07	143	For now the ferries keep sailing every half hour, over the top of a tunnel that is nine hundred metres long and has seventeen kilometres to go.
093_verdict_08	117	Every source and every photograph credit is in the description. I'll update this film when the new date is published.
